"0","John","Smith","12-12-1980","US","N.Y.","john.smith@abc.com"
"1","Laura","Adams","02-11-1979","US","Florida","laura.adams@abc.com"
"2","Peter","Williams","22-10-1966","CA","Ottawa","peter.williams@abc.com"
"3","Joana","Sanders","11-11-1976","US","Detroit","joana.sanders@abc.com"
"4","John","Drake","18-08-1988","CA","Montreal","john.drake@abc.com"
"5","Samuel","Williams","22-03-1985","CA","Vancouver","samuel.williams@abc.com"
"6","Andrei","Belov","05-08-1989","RU","Vancouver","andrei.belov@mail.ru"